P_ID,Tag,Registry Name,Tag + Name,FCs,,,
1,Ma*,Burke,Ma* Burke,2540-0402-9638,,,
2,Ma*,chi,Ma* chi,0736-1549-6285,,,
3,Ma*,cl,Ma* cl,2840-6935-1870,1208-6096-2779,,
4,Ma*,Delis,Ma* Delis,3313-1351-1531,,,
5,Ma*,Hibberd,Ma* Hibberd,3313-1391-3199,,,
6,Ma*,Luxii,Ma* Luxii,4386-8799-7590,,,
7,Ma*,Miffy,Ma* Miffy,4172-1200-2150,,,
8,Ma*,nact,Ma* nact,0907-9590-4616,,,
9,Ma*,py,Ma* py,0349-6004-4543,,,
10,Ma*,Zn,Ma* Zn,5288-8218-0000,4000-3340-0334,,
11,Ac,Alex,Ac Alex,4215-0764-6047,0048-9658-0588,,
12,Ac,Arvin,Ac Arvin,2625-9435-9931,0607-3123-6050,,
13,Ac,Edge,Ac Edge,0521-4031-8450,,,
14,Ac,Jzck,Ac Jzck,2580-2127-6977,,,
15,Ac,Kara,Ac Kara,3656-7267-2466,,,
16,Ac,Kasper,Ac Kasper,1208-5949-8691,,,
17,Ac,Sprixy,Ac Sprixy,2582-9942-6835,,,
18,Ac,Stubbz,Ac Stubbz,1766-9468-2470,0134-8552-1611,,
19,Ac,sully,Ac sully,4988-1714-4851,,,
20,Ac,Thunda,Ac Thunda,1294-5024-0059,,,
21,Ac,Zilla,Ac Zilla,2926-5841-3809,,,
22,λυ,Baked Bean,λυ Baked Bean,3742-6320-6232,,,
23,λυ,Elox,λυ Elox, 0175-1511-7680,,,
24,λυ,Fernandez,λυ Fernandez,3527-8879-0409,2840-6958-4621,,
25,λυ,FrankDaSpeed,λυ FrankDaSpeed,4730-4742-4883,2153-4995-0197,,
26,λυ,Freeze,λυ Freeze,0607-2990-4561,,,
27,λυ,Goomba,λυ Goomba,4086-2294-0214,,,
28,λυ,MatthewAUS,λυ MatthewAUS,1294-5034-2576,,,
29,λυ,PKBOY,λυ PKBOY,0392-5576-1734,,,
30,λυ,sasuke,λυ sasuke,3098-3834-8260,,,
31,λυ,Silverr,λυ Silverr,0435-5083-0524,,,
32,λυ,Star,λυ Star,3012-4804-5386​,,,
33,Λν,Aurora,Λν Aurora,5074-0644-0576,,,
34,Λν,b0rt,Λν b0rt,2024-6384-1288,,,
35,Λν,Ballin,Λν Ballin,5159-9617-0676,,,
36,Λν,JAM,Λν JAM,0607-3061-6828,,,
37,Λν,Joris,Λν Joris,2196-4364-5904,,,
38,Λν,Nash,Λν Nash,4471-1665-0900,,,
39,Λν,nikos,Λν nikos,1466-2898-9455,,,
40,Λν,Nozzles,Λν Nozzles,2024-6381-6667,,,
41,Λν,Olifré,Λν Olifré,2793-5064-0529,,,
42,Λν,paul,Λν paul,4000-3234-9902,,,
43,Λν,Rahul,Λν Rahul,3699-6746-4718,,,
44,Λν,Thomas,Λν Thomas,2454-1409-0265,,,
45,ban k ,9s,ban k  9s,4515-7327-6786,,,
46,ban k,Dams,ban k Dams,4429-8199-7799,,,
47,ban k,kali,ban k kali,0607-3053-0401,,,
48,ban k,Nicki,ban k Nicki,3356-0896-0124,,,
49,ban k,Sherm,ban k Sherm,0865-0088-0170,2454-1453-4550,,
50,ban k,sparkster,ban k sparkster,2540-0487-3969,,,
51,ban k,superz,ban k superz,2153-5008-8624,,,
52,ban k,ton,ban k ton,2625-9454-7205,,,
53,ban k,winter,ban k winter,0693-2120-8385,3441-9770-4735,,
54,ban k,WoLfPaCk,ban k WoLfPaCk,3356-0835-9762,,,
55,Berserk,FioNa,Berserk FioNa,2711-8399-6117,,,
56,Berserk,hiroto,Berserk hiroto,2711-8314-6940,,,
57,Berserk,Kapera,Berserk Kapera,2411-1984-0173,,,
58,Berserk,Marron,Berserk Marron,0993-8484-0880,4086-2223-2120,,
59,Berserk,Paprika,Berserk Paprika,2282-3487-3668,,,
60,Berserk,ru2,Berserk ru2,4730-4809-0926,,,
61,Berserk,sukay,Berserk sukay,3656-7296-1413,,,
62,Berserk,zR,Berserk zR,4558-6723-5641,,,
63,beγønd,akiza,beγønd akiza,5417-6635-5769,,,
64,beγønd,Dxrk,beγønd Dxrk,4000-3267-7898,,,
65,beγønd,LucaGER,beγønd LucaGER,2883-6413-3683,,,
66,beγønd,LucaMK,beγønd LucaMK,3141-3289-3516,1337-4460-9900,,
67,beγønd,Marik,beγønd Marik,4472-7726-4803,,,
68,beγønd,NateRNH,beγønd NateRNH,3742-6374-5744,,,
69,beγønd,Nyro,beγønd Nyro,1895-7888-5340,,,
70,beγønd,Swag,beγønd Swag,0349-6063-2493,,,
71,beγønd,Watcha,beγønd Watcha,5031-1176-5084,,,
72,beγønd,Yuno,beγønd Yuno,3227-2329-6448,,,
73,beγønd,ZedR,beγønd ZedR,2667-4643-2328,,,
74,beγønd,Zyra,beγønd Zyra,3785-5722-7547,,,
75,BOT,Andremar,BOT Andremar,0993-8460-9129,,,
76,BOT,Carlo,BOT Carlo,2239-3924-2602,,,
77,BOT,Daviid,BOT Daviid,2411-1874-4456,,,
78,BOT,Galla,BOT Galla,3441-9848-0492,,,
79,BOT,Handsome,BOT Handsome,0865-0080-9640,,,
80,BOT,Saru,BOT Saru,2239-3910-6437,0564-3643-2812,,
81,BOT,TKS memer,BOT TKS memer,2797-7403-9164,,,
82,BOT,Zappy,BOT Zappy,3184-2873-1176,,,
83,BOT,zFam27,BOT zFam27,0478-4651-1760,,,
84,βτ,Alex,βτ Alex,2325-2967-2631,,,
85,βτ,Bickbork,βτ Bickbork,0091-9091-5165,,,
86,βτ,broph,βτ broph,1079-7519-7154,,,
87,βτ,Claus,βτ Claus,5374-7240-2317,,,
88,βτ,Hedwig,βτ Hedwig,4129-1753-7059,1380-4069-1504,,
89,βτ,Hydr8ion,βτ Hydr8ion,4172-1272-3317,,,
90,βτ,ManuelUS,βτ ManuelUS,2196-4396-1625,,,
91,βτ,Sassak,βτ Sassak,2797-7368-5957 ,,,
92,βτ,Schultz,βτ Schultz,2668-8838-4097,,,
93,βτ,Zale,βτ Zale,0822-0517-7039,,,
94,ßÿ,Declan,ßÿ Declan,4215-0694-1608,,,
95,ßÿ,Emperor,ßÿ Emperor,4258-0188-8450,,,
96,ßÿ,Fire,ßÿ Fire,2322-1130-5035,,,
97,ßÿ,FreshZ,ßÿ FreshZ,2582-9869-8509,,,
98,ßÿ,Gray,ßÿ Gray,3742-6224-4180,,,
99,ßÿ,Hoesay,ßÿ Hoesay,0091-9101-7995,1552-2042-7229,,
100,ßÿ,jck,ßÿ jck,5287-4910-1200,,,
101,ßÿ,josh,ßÿ josh,1723-9983-2730,,,
102,ßÿ,Nuke,ßÿ Nuke,2625-9348-2641,4859-3179-1502,,
103,ßÿ,Rush,ßÿ Rush,4215-0831-5959,,,
104,ßÿ,Spade,ßÿ Spade,5243-7160-5304,0006-0017-3996,,
105,ßÿ,Todd,ßÿ Todd,5245-8673-9875,4601-6330-9537,,
106,Cγ2,annalise,Cγ2 annalise,2797-7421-5765,,,
107,Cγ2,Isaac,Cγ2 Isaac,1895-7912-5145,,,
108,Cγ2,Jesse,Cγ2 Jesse,5031-1239-4725,,,
109,Cγ2,JUDGE,Cγ2 JUDGE,4816-3656-8595,,,
110,Cγ2,Juicy,Cγ2 Juicy,3055-4352-2346,,,
111,Cγ2,Kaden,Cγ2 Kaden,0048-9589-4815,0950-9102-3834,,
112,Cγ2,Ket,Cγ2 Ket,1294-4918-5090,,,
113,Cγ2,Perisov,Cγ2 Perisov,4172-1313-4645,,,
114,Cγ2,Red,Cγ2 Red,4902-2646-7074,,,
115,Cγ2,rin,Cγ2 rin,2153-4911-3827,,,
116,Cγ2,Sugar,Cγ2 Sugar,2840-6908-9875,,,
117,Cγ2,Wob,Cγ2 Wob,3399-0251-1271,,,
118,Cγ1,Dan,Cγ1 Dan,0048-9590-1903,,,
119,Cγ1,Dorian,Cγ1 Dorian,2883-6473-3585,,,
120,Cγ1,Eve,Cγ1 Eve,3828-5402-4568,,,
121,Cγ1,Henry,Cγ1 Henry,2883-6362-4309,,,
122,Cγ1,Karteer,Cγ1 Karteer,3914-4284-5188,,,
123,Cγ1,Klyde,Cγ1 Klyde,0521-4053-7194,0220-7522-0359,,
124,Cγ1,Lexin,Cγ1 Lexin,3227-2271-3276,,,
125,Cγ1,Lorone,Cγ1 Lorone,2497-0882-5857,,,
126,Cγ1,onyx,Cγ1 onyx,1251-5579-7681,,,
127,Cγ1,Ozzy,Cγ1 Ozzy,2711-8404-3571,2497-0994-4932,,
128,Cγ1,Ruko,Cγ1 Ruko,0736-1558-7737,,,
129,Cγ1,StormW,Cγ1 StormW,5331-7730-5259,,,
130,HEX:,Clément,HEX: Clément,4511-3878-3394,,,
131,HEX:,Fear,HEX: Fear,1294-5036-8080,1681-0486-0084,,
132,HEX:,Hakkim,HEX: Hakkim,4255-9701-8251,,,
133,HEX:,Istior,HEX: Istior,0562-1545-4965,2325-3010-2134,,
134,HEX:,Kazam,HEX: Kazam,2969-5426-8301,,,
135,HEX:,Lxddz,HEX: Lxddz,4555-1227-1749,,,
136,HEX:,Night,HEX: Night,1251-5424-6485,,,
137,HEX:,setsumi,HEX: setsumi,4429-8191-2485,,,
138,HEX:,Shaka,HEX: Shaka,2110-5361-6487,,,
139,HEX:,Thomas,HEX: Thomas,4945-2252-4971,,,
140,HEX:,Zoan,HEX: Zoan,1852-8478-9344,,,
141,£★,Act,£★ Act,1337-4422-2869,,,
142,£★,crash,£★ crash,1079-7437-2221,,,
143,£★,Hawk,£★ Hawk,1466-2912-4463,,,
144,£★,Jeff,£★ Jeff,0774-4622-5300,,,
145,£★,Kasperinos,£★ Kasperinos,3399-0339-3300,,,
146,£★,Kevin,£★ Kevin,4000-3330-3338,1337-4529-0175 ,,
147,£★,mura,£★ mura,1294-4924-7889,,,
148,£★,Noctl,£★ Noctl,3441-9755-9942,,,
149,£★,Roast,£★ Roast,0607-3038-2380,,,
150,£★,TK,£★ TK,3914-4239-7793,,,
151,EXO,Arti,EXO Arti,4642-8389-5822,,,
152,EXO ,Cookie,EXO  Cookie,3568-5446-5134,,,
153,EXO,Daze,EXO Daze,0521-4132-3249,,,
154,EXO,Ethan,EXO Ethan,3309-2321-6542,,,
155,EXO,Kona,EXO Kona,3570-8324-1518,,,
156,EXO,Mank,EXO Mank,3998-1279-9775,,,
157,EXO,Orange,EXO Orange,3913-1337-7924,,,
158,EXO,Rey,EXO Rey,0306-6639-0479,0736-1631-0982,,
159,EXO,Solo,EXO Solo,4730-4642-3936,,,
160,EXO,tekken,EXO tekken,4730-4675-0250,,,
161,EXO,Yoshter,EXO Yoshter,2754-7851-5800,,,
162,EXO,Zane,EXO Zane,1464-5682-7023,,,
163,glw,Dhruv,glw Dhruv,0392-5572-4599,,,
164,glw,draggy,glw draggy,5031-1166-6793,,,
165,glw,End,glw End,0220-7542-0230,,,
166,glw,EvanTX,glw EvanTX,3356-0843-4025,,,
167,glw,Jonny,glw Jonny,1595-1552-0142,,,
168,glw,Kumbha,glw Kumbha,0177-8085-2344,,,
169,glw,MargLBN,glw MargLBN,3399-0337-6917,,,
170,glw,Masako,glw Masako,4172-1265-3554,,,
171,glw,myles,glw myles,2411-1963-5199,,,
172,glw,saki,glw saki,4472-7768-5403,2153-4989-7324,,
173,glw,Sam G,glw Sam G,5460-6228-6799,,,
174,glw,squirrel,glw squirrel,2411-1943-3978,,,
175,Rc9,Ankuh,Rc9 Ankuh,1638-0983-5970,,,
176,Rc9,Connor,Rc9 Connor,2368-2347-0914,,,
177,Rc9,dksc4life,Rc9 dksc4life,1509-2496-8072,,,
178,Rc9,Joeblase,Rc9 Joeblase,4515-7254-1193,,,
179,Rc9,magic,Rc9 magic,4043-2728-0575,,,
180,Rc9,Sosis,Rc9 Sosis,4945-2146-8668,,,
181,Rc9,SteveUS,Rc9 SteveUS,2840-6847-7681,,,
182,Rc9,Will,Rc9 Will,0607-2979-1958,,,
183,Rc9,ZeldaCubed,Rc9 ZeldaCubed,0306-6503-7406,,,
184,GAMT,Arvo,GAMT Arvo,3611-1232-8431,,,
185,GAMT,Aura,GAMT Aura,4558-6675-6141,,,
186,GAMT,Eric,GAMT Eric,0389-3835-0982,,,
187,GAMT,George,GAMT George,2324-0318-3125,,,
188,GAMT,Gerogio,GAMT Gerogio,4258-0310-1859,,,
189,GAMT,Lion,GAMT Lion,0650-2460-7813,,,
190,GAMT,Log,GAMT Log,4644-5692-8517,2883-6436-8963,,
191,GAMT,Logan,GAMT Logan,2581-1546-0143,,,
192,GAMT,Luna,GAMT Luna,0478-4488-3103,,,
193,GAMT,Mark,GAMT Mark,2711-8312-4623,,,
194,GAMT,Mat,GAMT Mat,0006-0026-4451,1294-4913-9734,,
195,GAMT,Toad,GAMT Toad,2065-7782-0410,,,
196,HK2,Aidlo,HK2 Aidlo,3957-3731-6362,,,
197,HK2,Blue Up,HK2 Blue Up,1036-8036-8604,,,
198,HK2,dino,HK2 dino,3613-7897-2489,,,
199,HK2,epicdevil,HK2 epicdevil,4000-3295-8526,,,
200,HK2,fordj,HK2 fordj,2540-0334-4034,,,
201,HK2,Goldi,HK2 Goldi,1423-3447-1215,,,
202,HK2,Kanade,HK2 Kanade,5331-7693-8530,,,
203,HK2,kitty,HK2 kitty,1681-0501-4842,0607-3109-0738,,
204,HK2,Rhino,HK2 Rhino,3484-9354-4228,,,
205,HK2,Snoopy,HK2 Snoopy,2067-5996-4560,,,
206,HK2,ZealDMV,HK2 ZealDMV,1036-8105-3898,,,
207,HK1,Fizzy Spaghet,HK1 Fizzy Spaghet,3227-2407-3178,,,
208,HK1,Ghost,HK1 Ghost,0822-0493-2818,,,
209,HK1,Jayde,HK1 Jayde,1251-5556-0095,,,
210,HK1,Nlaw,HK1 Nlaw,2497-0902-1430,,,
211,HK1,Schwoz,HK1 Schwoz,1595-1567-5212,,,
212,HK1,Wal00gi,HK1 Wal00gi,0865-0103-7457,,,
213,HK1,xWill,HK1 xWill,1809-9008-2591,,,
214,HK2,Yang,HK2 Yang,4859-3243-2154,,,
215,???,December,??? December,2625-9481-1161,,,
216,???,EmiddlenameG,??? EmiddlenameG,0091-9153-9446,,,
217,???,EpicCrossover,??? EpicCrossover,4215-0802-0814,,,
218,???,Formosa,??? Formosa,3828-5364-8681,0650-2561-1773,,
219,???,ItsJax,??? ItsJax,3137-1613-6004,,,
220,???,Lemmy,??? Lemmy,0392-5566-7372,,,
221,???,Marcine,??? Marcine,1079-7453-0138,2454-1509-4405,,
222,???,mythdragon,??? mythdragon,0177-8171-7695,,,
223,???,SalUS,??? SalUS,3441-9851-2491,,,
224,???,Spoon,??? Spoon,4043-2868-5903,,,
225,???,Stanou,??? Stanou,3012-4909-7824,,,
226,IF,Berry,IF Berry,2497-0941-5511,,,
227,IF,Brannon,IF Brannon,0134-8607-7237,,,
228,IF,Dermo,IF Dermo,0006-0025-9138,,,
229,IF,kenzo,IF kenzo,5245-8734-1511,0693-2100-4330,4386-8819-7007,
230,IF,LT,IF LT,1981-6890-3884,,,
231,IF,roy,IF roy,4859-3205-0064,1204-4123-8481,,
232,IF,Shadow,IF Shadow,0305-3220-5376,5031-1270-7251,,
233,IF,Snow,IF Snow,2067-5865-5496,,,
234,IF,taz,IF taz,2454-1345-7467,,,
235,IF,Trashy,IF Trashy,3828-5225-8755,,,
236,IF,Victor,IF Victor,1895-7902-9550,3441-9827-1916,,
237,JP,Edwin,JP Edwin,1809-8959-9623,,,
238,JP,Fabian,JP Fabian,5288-8241-3274,,,
239,JP,Francis,JP Francis,1077-6013-7414,,,
240,JP,Jesús,JP Jesús,4558-6770-3451,,,
241,JP,Josemi,JP Josemi,1165-6508-1759,,,
242,JP,Miguell,JP Miguell,1208-6077-3577,,,
243,JP,Mythos,JP Mythos,2108-7783-4048,,,
244,JP,Rentorar,JP Rentorar,1078-1278-8838,,,
245,JP,Rompe,JP Rompe,3098-3845-8673,,,
246,JP,Sota,JP Sota,0134-8519-9005,,,
247,JP,Trash,JP Trash,0950-8969-6369,,,
248,JP,Xavier,JP Xavier,0134-8508-4135,,,
249,KG,armyu,KG armyu,4859-3147-1751,,,
250,KG,Batcake,KG Batcake,5074-0640-9200,3227-2293-6659,,
251,KG,EmilP,KG EmilP,4043-2696-2112,,,
252,KG,jake,KG jake,1638-0965-7457,,,
253,KG,JAVO,KG JAVO,5070-7413-8901,,,
254,KG,LukeGB,KG LukeGB,1894-1845-7653,,,
255,KG,mike,KG mike,3055-4419-7075,,,
256,KG,ornan,KG ornan,2711-8357-2182,,,
257,KG,Trevor,KG Trevor,5074-0806-7470,,,
258,XI,barney,XI barney,2926-5789-0551,,,
259,XI,Chéron,XI Chéron,0736-1458-9776,,,
260,XI,Danny,XI Danny,2067-5874-0856,,,
261,XI,Feysal,XI Feysal,2368-2401-7819,,,
262,XI,Fox,XI Fox,0691-0962-5606,,,
263,XI,Jazz,XI Jazz,0564-3504-1579,,,
264,XI,Quinn,XI Quinn,4640-0793-0184,0006-0019-6869,,
265,XI,RyanUK,XI RyanUK,2196-4423-5175,,,
266,XI,Xander,XI Xander,4343-9182-6901,,,
267,LV,ardux,LV ardux,3527-8828-8735,,,
268,LV,Callum,LV Callum,5417-6607-9597,,,
269,LV,Derek,LV Derek,1766-9377-3270,,,
270,LV,hnery,LV hnery,4644-5819-6396,,,
271,LV,Ivan,LV Ivan,4472-7688-4301,,,
272,LV,kabel,LV kabel,5031-1168-1597,,,
273,LV,psycho,LV psycho,1981-6868-2283,,,
274,LV,Sufy,LV Sufy,0478-4536-7459,,,
275,LV,zach,LV zach,1509-2400-8614,,,
276,LV,zDevil753,LV zDevil753,4773-4176-1376,,,
277,LV,zenith,LV zenith,4902-2708-8366,4043-2710-8119,,
278,[L]1,Christan,[L]1 Christan,3653-7751-0422,0993-8600-9705,,
279,[L]1,Evan,[L]1 Evan,2797-7407-6923,,,
280,[L]1,Jorge,[L]1 Jorge,4428-0266-1885,,,
281,[L]1,kocchi,[L]1 kocchi,0435-5003-6040,,,
282,[L]1,macy,[L]1 macy,3871-4832-5850,,,
283,[L]1,Matt,[L]1 Matt,2368-2366-9567,,,
284,[L]1,Nix,[L]1 Nix,1981-6876-0135,,,
285,[L]1,noah,[L]1 noah,2065-0853-3104,,,
286,[L]1,taka,[L]1 taka,2926-5805-9814,,,
287,[L]1,zach,[L]1 zach,0091-9116-0000,,,
288,[L]1,Zestos,[L]1 Zestos,2967-9324-5621,,,
289,[L]2,Aidan,[L]2 Aidan,2024-6364-3755,,,
290,[L]2,bawp,[L]2 bawp,4902-2659-6151,5159-9635-6406,,
291,[L]2,Beulah,[L]2 Beulah,4000-3210-5203,,,
292,[L]2,Eon,[L]2 Eon,3182-1355-5801,,,
293,[L]2,Iris,[L]2 Iris,2196-4420-7344,,,
294,[L]2,Jed,[L]2 Jed,3270-1902-2275,,,
295,[L]2,Joey,[L]2 Joey,1809-8881-7554,,,
296,[L]2,Justin,[L]2 Justin,2368-2338-6841,,,
297,[L]2,KA,[L]2 KA,3010-2050-8492,,,
298,[L]2,Kev,[L]2 Kev,3742-6252-3514,,,
299,[L]2,Maxi,[L]2 Maxi,0090-6184-0830,,,
300,[L]2,Miles,[L]2 Miles,4000-3279-9874,,,
301,Lε,adaze,Lε adaze,3270-1816-3862,2582-9991-7278,,
302,Lε,BSH,Lε BSH,2668-8889-7774,,,
303,Lε,Deakon,Lε Deakon,5117-0128-5071,,,
304,Lε,GeorgePlays02,Lε GeorgePlays02,0521-4047-5598,,,
305,Lε,MeraTrak,Lε MeraTrak,2239-3899-4881,3570-8301-4159,,
306,Lε,Mike,Lε Mike,1809-9029-4939,,,
307,Lε,Monty,Lε Monty,4773-4236-8101,,,
308,Lε,Nubbly,Lε Nubbly,1509-2544-7972,,,
309,Lε,SpiritX,Lε SpiritX,5202-9202-2751,,,
310,Lε,Tax,Lε Tax,3012-4887-7934,,,
311,Lε,USK,Lε USK,3227-2330-1471 ,,,
312,Lε,Yuto,Lε Yuto,4902-2759-2768,,,
313,Mate,BigRaz,Mate BigRaz,0263-7076-0421,2668-8935-4860,,
314,Mate,kenn,Mate kenn,2540-0410-2182,,,
315,Mate,LiamNL,Mate LiamNL,4386-8738-0862,,,
316,Mate,Mate,Mate Mate,1509-2420-6937,,,
317,Mate,Ruben,Mate Ruben,0822-0593-9291,0993-8603-0779,1423-3578-7826,
318,Mate,Simeon,Mate Simeon,3441-9835-9839,0779-1094-3561,,
319,Mate,Striker,Mate Striker,4730-4754-8162,,,
320,Mate,Theo,Mate Theo,4000-3246-9761,,,
321,Mate,Toddy,Mate Toddy,3785-5741-3464,,,
322,Mate,TurboSS,Mate TurboSS,1981-6906-2747,,,
323,Mate,WoomyUS,Mate WoomyUS,4687-5243-4081,,,
324,Mι,Alberto,Mι Alberto,0605-8198-1596,,,
325,Mι,Alexander,Mι Alexander,1681-0389-5210,2368-2337-1743,,
326,Mι,Gamma,Mι Gamma,4472-7823-4604,,,
327,Mι,JackCAN,Mι JackCAN,2110-5461-2756,3184-2879-5158,,
328,Mι,Jaggy,Mι Jaggy,2580-5050-0147,5460-6195-0368,,
329,Mι,James,Mι James,2926-5894-8216,,,
330,Mι,Lewis,Mι Lewis,1681-0515-5134,,,
331,Mι,Sakno,Mι Sakno,1723-9968-5184,,,
332,Mι,sebas,Mι sebas,2368-2353-3333,,,
333,Mι,Sky9,Mι Sky9,3441-9873-7927,,,
334,Mι,Vesf,Mι Vesf,4945-2177-2495,,,
335,Mι,Zouzou,Mι Zouzou,5199-9636-1382,,,
336,«♪»,Charge,«♪» Charge,2967-5103-3075,,,
337,«♪»,Fay,«♪» Fay,1938-7523-6284,,,
338,«♪»,Kenny,«♪» Kenny,0091-9092-6539,3699-6872-4174,2625-9474-0824,
339,«♪»,Kiralte,«♪» Kiralte,0392-5499-9455,,,
340,«♪»,Marc,«♪» Marc,2411-1871-8486,,,
341,«♪»,Mirymeg,«♪» Mirymeg,2067-5892-8433,,,
342,«♪»,Razz,«♪» Razz,4427-1674-1917 ,0650-2645-4849,,
343,«♪»,Sal,«♪» Sal,1337-4417-2223,,,
344,«♪»,Salz,«♪» Salz,0392-5586-6209,,,
345,«♪»,Solem,«♪» Solem,5117-0169-9931,,,
346,mono,Azuki,mono Azuki,2282-3400-2062,1466-3056-9846,,
347,mono,Bboy02,mono Bboy02,3656-7286-4071,,,
348,mono,Elbling,mono Elbling,5114-5039-7324,4515-7220-2586,1895-7919-5171,
349,mono,Falco,mono Falco,1723-9966-8674,,,
350,mono,Houzamijagr,mono Houzamijagr,2411-1934-6233,,,
351,mono,Jayme,mono Jayme,5417-6605-9443,,,
352,mono,landon,mono landon,1337-4425-5365,1380-4070-3232,,
353,mono,Madison,mono Madison,0478-4577-5077,,,
354,mono,PandaMan,mono PandaMan,5374-7214-2102,5202-9275-8501,,
355,mono,Snowy,mono Snowy,4601-6298-4262,,,
356,mono,Twingy,mono Twingy,3098-3787-5214,1337-4504-5750,,
357,Mt.,broty,Mt. broty,3742-6269-4394,,,
358,Mt.,Deano,Mt. Deano,3141-3309-3575,,,
359,Mt.,Fred,Mt. Fred,3742-6329-0657,,,
360,Mt.,Lonie,Mt. Lonie,2754-7885-4332,,,
361,Mt.,Lucid,Mt. Lucid,2325-2956-0053,,,
362,Mt.,Markus,Mt. Markus,1337-4529-0175,,,
363,Mt.,Neon,Mt. Neon,4084-6237-4911,,,
364,Mt.,osf,Mt. osf,2110-5461-7108,,,
365,Mt.,Sayn,Mt. Sayn,4300-9788-6445,,,
366,Mt.,subaza,Mt. subaza,3957-3838-3300,,,
367,Mt.,Wolf,Mt. Wolf,1380-3917-3886,,,
368,MY13,Azn,MY13 Azn,4258-0345-0951,,,
369,MY13,Cormac,MY13 Cormac,5417-6609-4455,0950-9113-2347,,
370,MY13,Crash,MY13 Crash,3139-9222-2991,5117-0304-2800,,
371,MY13,Dragonfly99,MY13 Dragonfly99,2540-0360-8159,,,
372,MY13,Jake,MY13 Jake,4258-0333-6542,3785-5889-1361,,
373,MY13,Jamesss,MY13 Jamesss,5074-0644-8816,,,
374,MY13,Kira,MY13 Kira,4129-1714-8812,,,
375,MY13,Lachlan,MY13 Lachlan,3098-3922-3299,,,
376,MY13,LeonNL,MY13 LeonNL,1766-9504-1312 ,,,
377,MY13,Lifted,MY13 Lifted,0820-4943-6050,3656-7326-3499,,
378,MY13,Zexous,MY13 Zexous,4771-4276-3673,,,
379,@NN1,4Vex,@NN1 4Vex,3227-2265-4048,,,
380,@NN1,amp,@NN1 amp,0392-5489-1276,,,
381,@NN1,Arufa,@NN1 Arufa,5288-8238-5553,,,
382,@NN1,byron,@NN1 byron,4902-2802-6601,,,
383,@NN1,Embrez,@NN1 Embrez,0177-8110-6122,,,
384,@NN1,Exau,@NN1 Exau,4816-3825-8875,1294-5094-3956,,
385,@NN1,FK Yazid,@NN1 FK Yazid,0220-7516-5940,,,
386,@NN1,john,@NN1 john,5245-8702-6960,,,
387,@NN1,Leeroy,@NN1 Leeroy,4687-5326-2825,,,
388,@NN1,Mio,@NN1 Mio,2711-8328-2209,,,
389,@NN1,Saikai,@NN1 Saikai,3741-0374-0876,,,
390,@NN1,Zowpex,@NN1 Zowpex,0521-4129-9502,,,
391,@NN2,Akiyo,@NN2 Akiyo,1681-0406-1288,,,
392,@NN2,Broken,@NN2 Broken,2797-7479-2727,,,
393,@NN2,charmender,@NN2 charmender,5288-8210-4056,,,
394,@NN2,Flowx,@NN2 Flowx,2067-5907-1776,,,
395,@NN2,Froej,@NN2 Froej,3055-4281-4587,,,
396,@NN2,Georgio,@NN2 Georgio,0220-7586-6616,,,
397,@NN2,KB9,@NN2 KB9,5331-7692-0834,,,
398,@NN2,Lukas,@NN2 Lukas,4215-0802-3263,3914-4327-3825,,
399,@NN2,Mushi,@NN2 Mushi,0392-5515-5902,,,
400,@NN2,SnoopyFR,@NN2 SnoopyFR,1208-5967-5261,,,
401,@NN2,TF4Life,@NN2 TF4Life,3098-3831-8986,,,
402,@NN2,VicZ,@NN2 VicZ,3227-2295-1995,,,
403,Ω,Boshi,Ω Boshi,3570-8255-6316,,,
404,Ω,Echo,Ω Echo,3227-2357-8426,,,
405,Ω,Enzo,Ω Enzo,5288-8138-7673,,,
406,Ω,Ice,Ω Ice,0263-7077-1962,,,
407,Ω,Kjeld,Ω Kjeld,2192-0515-4747,,,
408,Ω,Sardine,Ω Sardine,4172-1295-1847,,,
409,Ω,Trevor RS05,Ω Trevor RS05,1294-4936-8205,,,
410,Ω,Weexy,Ω Weexy,0435-5102-8204,,,
411,Ω,Will,Ω Will,0220-7563-5982,,,
412,PΨ,abed,PΨ abed,5288-8252-3290,,,
413,PΨ,anti,PΨ anti,1595-1493-4935,4730-4835-0023,,
414,PΨ,Bally,PΨ Bally,0779-1058-5685,,,
415,PΨ,BrandonUS,PΨ BrandonUS,3871-4852-1618,4902-2723-0183,3957-3883-2181,
416,PΨ,bubble,PΨ bubble,1165-6532-0095,,,
417,PΨ,improvise,PΨ improvise,2110-5412-7531,,,
418,PΨ,jray11,PΨ jray11,5074-0772-4258,,,
419,PΨ,mErpson,PΨ mErpson,4258-0226-0505,,,
420,PΨ,Phoenix,PΨ Phoenix,4515-7215-9101,,,
421,PΨ,Reaper,PΨ Reaper,4386-8851-9572,,,
422,PΨ,Typical,PΨ Typical,1380-4034-5682,,,
423,PΨ,zyariewn,PΨ zyariewn,4129-1859-1980,,,
424,Purξ,Alex,Purξ Alex,4129-1712-2643,,,
425,Purξ,ayanami,Purξ ayanami,0091-9026-4546,4343-9214-5479,,
426,Purξ,Camelot,Purξ Camelot,3871-4771-2333,,,
427,Purξ,FusionNY,Purξ FusionNY,0564-3597-8977,5117-0267-6941,,
428,Purξ,Maxx,Purξ Maxx,4472-7680-2998,,,
429,Purξ,mephisto,Purξ mephisto,2582-9914-6578,,,
430,Purξ,saky,Purξ saky,3699-6752-0444,,,
431,Purξ,Storm,Purξ Storm,5374-7092-9070,,,
432,RS,Caleb,RS Caleb,3313-1359-5191,,,
433,RS,DaNii,RS DaNii,3611-4219-1668,,,
434,RS,Erupt,RS Erupt,0134-8505-7714,,,
435,RS,Goofy,RS Goofy,4043-2705-5358,,,
436,RS,Kingler,RS Kingler,3313-1256-1710,,,
437,RS,Klover,RS Klover,1981-6869-4068,,,
438,RS,Lumi,RS Lumi,0648-2982-6982,0348-2425-9753,,
439,RS,Noriken,RS Noriken,0564-3537-9709,0220-7487-6148,,
440,RS,skylar,RS skylar,1809-8941-9251,,,
441,RS,Sparkz,RS Sparkz,2969-5343-7662,,,
442,RS,stripe,RS stripe,3785-5722-6245,,,
443,RS,zynno,RS zynno,1165-6422-7339,,,
444,RISE,2Dyslexic,RISE 2Dyslexic,4902-2779-3074,,,
445,RISE,AceBeaton,RISE AceBeaton,1509-2398-3863,,,
446,RISE,bodge,RISE bodge,1423-3549-9453,4773-4322-1199,,
447,RISE,David,RISE David,3313-1275-7591,,,
448,RISE,Edbe,RISE Edbe,0993-8503-0518,,,
449,RISE,Lambo,RISE Lambo,1337-4557-3470,,,
450,RISE,Nxvy,RISE Nxvy,2540-0422-9287,,,
451,RISE,rosen,RISE rosen,1595-1570-3955,,,
452,RISE,SA 10,RISE SA 10,3484-9394-3882,,,
453,RISE,Samjam,RISE Samjam,2668-8981-0371,,,
454,RISE,volt,RISE volt,2969-5369-7791,,,
455,RISE,zyr,RISE zyr,1122-7058-1860,,,
456,sl,brody,sl brody,1638-1014-2648,,,
457,sl,Garry,sl Garry,0220-7581-7873,,,
458,sl,jay!,sl jay!,0392-5521-4029,,,
459,sl,Leo,sl Leo,1723-9907-0724,,,
460,sl,Rerim,sl Rerim,1251-5493-9381,2153-4955-9533,,
461,sl,sam,sl sam,3098-3883-1931,3227-2325-7238,,
462,sl,Thunder,sl Thunder,2840-6892-4571,4429-8271-4522,,
463,sl,Trippy,sl Trippy,5202-9193-4016,,,
464,sl,zap,sl zap,3184-2865-5246,1294-5090-5524,,
465,Shiny,ACANE,Shiny ACANE,3098-3898-3890,4687-5268-4888,,
466,Shiny,Asuna,Shiny Asuna,1683-0953-6965,1638-0953-6965,,
467,Shiny,Kyoryu,Shiny Kyoryu,0564-3516-1542,,,
468,Shiny,missy,Shiny missy,3313-1392-2163,,,
469,Shiny,MuraJPN,Shiny MuraJPN,3313-1415-1284,,,
470,Shiny,rara,Shiny rara,0736-1630-6023,,,
471,Shiny,rt2,Shiny rt2,1809-8963-6723 ,,,
472,Shiny,tank,Shiny tank,5159-9729-8144,2625-9491-8581,,
473,Shiny,Yamaguchi,Shiny Yamaguchi,1638-0994-7740,,,
474,Sk,Doki,Sk Doki,2668-8830-6103,,,
475,Sk,FatYoshi,Sk FatYoshi,0134-8681-2100,,,
476,Sk,GamerLife,Sk GamerLife,2754-7979-2233,5031-1313-3247,,
477,Sk,LucaV,Sk LucaV,0220-7677-2110,,,
478,Sk,NathanUS,Sk NathanUS,5159-9773-9134,,,
479,Sk,Stunky,Sk Stunky,1938-7524-0733,,,
480,Sk,Tango,Sk Tango,5202-9187-7024,,,
481,Sk,Wills,Sk Wills,1809-8984-6246,,,
482,Se,bobby,Se bobby,0263 7000 0322,,,
483,Se,Edison,Se Edison,3399-0394-0724,,,
484,Se,Maq,Se Maq,2666-8059-6789,4083-3790-9771,,
485,Se,Revan,Se Revan,3828-5212-5823,,,
486,Se,Revise,Se Revise,3697-4327-1061,,,
487,Se,Serena,Se Serena,3012-4807-0501,,,
488,Se,Shawn,Se Shawn,2796-1052-3532,,,
489,Se,Starstrike,Se Starstrike,0349-5995-5916,,,
490,Se,swig,Se swig,4988-1756-6741,,,
491,GUN,Vincent B,GUN Vincent B,4558-6660-7809,,,
492,GUN,Baore,GUN Baore,2153-4991-0644,,,
493,GUN,Browks,GUN Browks,3699-6887-5359,,,
494,GUN,Fatal,GUN Fatal,3570-8380-6932,,,
495,GUN,k1ng,GUN k1ng,2840-6808-6295,,,
496,GUN,Kroma,GUN Kroma,0006-0022-1894,,,
497,GUN,Nico,GUN Nico,5202-9162-5431,1509-2545-7707,,
498,GUN,Sasa,GUN Sasa,3869-6197-9069,,,
499,GUN,Shura,GUN Shura,1766-9512-1091,,,
500,GUN,Space,GUN Space,3184-2820-7899,,,
501,GUN,Zenon,GUN Zenon,1294-4938-3534,,,
502,XIV,Cheesebait,XIV Cheesebait,3914-4375-2788,,,
503,XIV,Deloicious,XIV Deloicious,4988-1709-3963,,,
504,XIV,EvasiveGC,XIV EvasiveGC,5288-8123-4820,3871-4731-4054,0177-8088-3597,
505,XIV,GabrielUS,XIV GabrielUS,4902-2785-9079,,,
506,XIV,Justin,XIV Justin,5331-7613-6606,5117-0274-8434,3699-6882-7670,0220-7647-6707
507,XIV,Korra,XIV Korra,0950-8954-1218,,,
508,XIV,MichaelH,XIV MichaelH,0779-0970-1135,0091-9023-0524,,
509,XIV,Spike,XIV Spike,2493-4452-2909,,,
510,XIV,Spock,XIV Spock,1079-7432-6162,,,
511,XIV,Vestoga,XIV Vestoga,0048-9579-7541,,,
512,TNG,andreese,TNG andreese,5417-6642-4980,,,
513,TNG,Benito,TNG Benito,2067-5880-0241,,,
514,TNG,brisk,TNG brisk,2582-9833-7578,,,
515,TNG,chaos,TNG chaos,0521-3992-9431,0865-0090-3265,,
516,TNG,ConnorUS,TNG ConnorUS,2368-2482-3798,,,
517,TNG,Dino,TNG Dino,2840-6821-3506,,,
518,TNG,Kaizo,TNG Kaizo,4172-1215-9227,,,
519,TNG,Kingster,TNG Kingster,3914-4235-9124,,,
520,TNG,Luk3,TNG Luk3,1165-6506-0268,,,
521,TNG,Noah Cove,TNG Noah Cove,1981-6940-3802,,,
522,TNG,Optllizer,TNG Optllizer,2067-5846-9417,,,
523,XII,Airko,XII Airko,4900-2812-6498,1638-1068-3231,,
524,XII,Alessio,XII Alessio,0607-3120-4685,,,
525,XII,AstroBooker,XII AstroBooker,4472-7661-8154,,,
526,XII,Balou,XII Balou,0736-1550-2183,,,
527,XII,GalDen,XII GalDen,1251-5441-6615,,,
528,XII,Jinays,XII Jinays,2454-1466-0499,,,
529,XII,laToiture,XII laToiture,3012-4807-5785,,,
530,XII,Master67x,XII Master67x,1506-6857-0795,,,
531,XII,Shark,XII Shark,4386-8790-5577,,,
532,XII,VLok,XII VLok,2540-0466-1846,,,
533,XII,Yoyoto,XII Yoyoto,1165-6559-5289,,,
534,XXX,Areo,XXX Areo,4945-2266-4526,,,
535,XXX,bryce,XXX bryce,2411-1982-5133,,,
536,XXX,Fresco,XXX Fresco,0220-7510-8777,,,
537,XXX,Insane,XXX Insane,3227-2277-6058,,,
538,XXX,Josh,XXX Josh,4945-2196-6892,,,
539,XXX,Marco,XXX Marco,3871-4803-5945,,,
540,XXX,Matt,XXX Matt,2582-9976-4125,,,
541,XXX,Pat1,XXX Pat1,2368-2455-3251,2797-7452-7606,,
542,XXX,Slide,XXX Slide,4726-2424-4356,,,
543,XXX,Smoke,XXX Smoke,1378-4092-6599,,,
544,XXX,Vinny,XXX Vinny,0564-3543-0350,,,
545,XXX,Volumes,XXX Volumes,1423-3565-4292,,,
546,VM,Aku,VM Aku,3914-4272-7970,,,
547,VM,Ammo,VM Ammo,0650-2512-2525,,,
548,VM,charichan,VM charichan,0779-1013-1073,2840-6841-9172,,
549,VM,finite,VM finite,4300-9704-9224,,,
550,VM,Glass,VM Glass,4086-2304-6401,,,
551,VM,Kim,VM Kim,4472-7683-3591,,,
552,VM,mikuru,VM mikuru,3227-2343-1025,,,
553,VM,nishino,VM nishino,2840-6835-5667,,,
554,VM,Sinon,VM Sinon,3227-2391-3658,,,
555,VM,TaTsuya,VM TaTsuya,4773-4207-9266,,,
556,VM,ueri,VM ueri,4515-7344-8338,,,
557,VM,yuiazu,VM yuiazu,2194-0574-7893,,,
558,V$,CJPetey,V$ CJPetey,1165-6517-1015,,,
559,V$,Elana,V$ Elana,1380-4003-0040,,,
560,V$,Javi,V$ Javi,2196-4348-7559,,,
561,V$,JayM,V$ JayM,4429-8246-6390,,,
562,V$,Jesus,V$ Jesus,0690-5527-1295,,,
563,V$,Joeyjas,V$ Joeyjas,2969-5349-1160,,,
564,V$,kela,V$ kela,4300-9817-6622,,,
565,V$,Lily,V$ Lily,2282-3464-8332,,,
566,V$,MrCactus,V$ MrCactus,3227-2291-0733,,,
567,V$,Rick,V$ Rick,2625-9382-5901,,,
568,V$,Spart,V$ Spart,2840-6814-2745,,,
569,V$,z joe,V$ z joe,2495-2667-1761,4383-4253-2821,,
570,Yz,Agger,Yz Agger,1294-4974-6716,,,
571,Yz,Cyber,Yz Cyber,0949-5897-1073,,,
572,Yz,Dryade,Yz Dryade,0392-5601-9832,,,
573,Yz,Karim,Yz Karim,3225-8846-3079,,,
574,Yz,Kayzarh,Yz Kayzarh,4558-6837-0740,,,
575,Yz,Leo,Yz Leo,4043-2731-4907,,,
576,Yz,NathanP,Yz NathanP,0435-4990-6991,,,
577,Yz,Qatar,Yz Qatar,1423-3504-0359,,,
578,Yz,Ryder,Yz Ryder,1380-4016-8729,4172-1340-2567,2711-8461-9578,
579,Yz,Savo,Yz Savo,2754-7983-0413,,,
580,Yz,Vicious,Yz Vicious,3957-3713-3566,,,
581,Yz,Virazz,Yz Virazz,4129-1819-6718,,,
582,Σz,Akira,Σz Akira,2926-5814-2129,,,
583,Σz,Alpha,Σz Alpha,3484-9279-5084,1681-0568-0480,,
584,Σz,Amanda,Σz Amanda,3313-1265-3886,,,
585,Σz,Bluesharp,Σz Bluesharp,1036-7973-8890,,,
586,Σz,Cow Jah,Σz Cow Jah,0907-9598-6070,1208-6075-7143,,
587,Σz,Hintz,Σz Hintz,4300-9807-7890,,,
588,Σz,Kato,Σz Kato,4773-4189-0814,0736-1599-1945,,
589,Σz,Loonar,Σz Loonar,3441-9928-5008,,,
590,Σz,May,Σz May,4816-3782-2337,,,
591,Σz,NathanUK,Σz NathanUK,5374-7174-0032,,,
592,Σz,ops,Σz ops,2497-0934-7018,2540-0456-0634,,
593,Σz,Soony,Σz Soony,2711-8376-7744,,,